id,name,image,description,attack,defence,scalesWith,requiredAttributes,category,weight
17f69c62fe8l0i124u8fi4nc7dbfbf,Buckler,https://eldenring.fanapis.com/images/shields/17f69c62fe8l0i124u8fi4nc7dbfbf.png,"A small metal roundshield. The bump in the center enables parrying techniques. A well-timed parry can break an enemy's stance, allowing a critical hit. Best suited for those prepared to take the risk to reap their reward.","[{'name': 'Phy', 'amount': 68}, {'name': 'Mag', 'amount': 0}, {'name': 'Fire', 'amount': 0}, {'name': 'Ligt', 'amount': 0}, {'name': 'Holy', 'amount': 0}, {'name': 'Crit', 'amount': 100}]","[{'name': 'Phy', 'amount': 58}, {'name': 'Mag', 'amount': 28}, {'name': 'Fire', 'amount': 28}, {'name': 'Ligt', 'amount': 14}, {'name': 'Holy', 'amount': 28}, {'name': 'Boost', 'amount': 30}]","[{'name': 'Str', 'scaling': 'E'}, {'name': 'Dex', 'scaling': 'D'}]","[{'name': 'Str', 'amount': 8}, {'name': 'Dex', 'amount': 13}]",Small Shield,1.5
17f694b8615l0i124uyj41jnmpvitp,Perfumer's Shield,https://eldenring.fanapis.com/images/shields/17f694b8615l0i124uyj41jnmpvitp.png,"Golden shield used by the perfumers of Leyndell during military service. Made to be thin and light of weight, even those lacking strength can employ this immunity-boosting shield.","[{'name': 'Phy', 'amount': 67}, {'name': 'Mag', 'amount': 0}, {'name': 'Fire', 'amount': 0}, {'name': 'Ligt', 'amount': 0}, {'name': 'Holy', 'amount': 0}, {'name': 'Crit', 'amount': 100}]","[{'name': 'Phy', 'amount': 61}, {'name': 'Mag', 'amount': 33}, {'name': 'Fire', 'amount': 33}, {'name': 'Ligt', 'amount': 14}, {'name': 'Holy', 'amount': 33}, {'name': 'Boost', 'amount': 30}]","[{'name': 'Str', 'scaling': ''}]","[{'name': 'Str', 'amount': 8}]",Small Shield,1.5
17f69b5141al0i124v8pxr1ks1ekij,Man-serpent's Shield,https://eldenring.fanapis.com/images/shields/17f69b5141al0i124v8pxr1ks1ekij.png,"Small copper dome-shaped roundshield carried by the man-serpents of Mt. Gelmir. Said to have been tempered in lava, it boasts great resistance to fire.","[{'name': 'Phy', 'amount': 70}, {'name': 'Mag', 'amount': 0}, {'name': 'Fire', 'amount': 0}, {'name': 'Ligt', 'amount': 0}, {'name': 'Holy', 'amount': 0}, {'name': 'Crit', 'amount': 100}]","[{'name': 'Phy', 'amount': 65}, {'name': 'Mag', 'amount': 30}, {'name': 'Fire', 'amount': 45}, {'name': 'Ligt', 'amount': 15}, {'name': 'Holy', 'amount': 30}, {'name': 'Boost', 'amount': 32}]","[{'name': 'Str', 'scaling': 'E'}]","[{'name': 'Str', 'amount': 8}]",Small Shield,2.0
17f69a7085fl0i124y1772hsc2fore,Pillory Shield,https://eldenring.fanapis.com/images/shields/17f69a7085fl0i124y1772hsc2fore.png,"Pillory made to punish serious felons, used as a shield. Though made of good, sturdy wood, it is only a makeshift tool and performs as such. Perhaps due to its use as a device with which the guilty were made to endure prolonged suffering, it raises vitality.","[{'name': 'Phy', 'amount': 71}, {'name': 'Mag', 'amount': 0}, {'name': 'Fire', 'amount': 0}, {'name': 'Ligt', 'amount': 0}, {'name': 'Holy', 'amount': 0}, {'name': 'Crit', 'amount': 100}]","[{'name': 'Phy', 'amount': 60}, {'name': 'Mag', 'amount': 42}, {'name': 'Fire', 'amount': 21}, {'name': 'Ligt', 'amount': 36}, {'name': 'Holy', 'amount': 42}, {'name': 'Boost', 'amount': 33}]","[{'name': 'Str', 'scaling': 'E'}]","[{'name': 'Str', 'amount': 10}]",Small Shield,3.5
17f6976985el0i124znputjytfizsr,Rickety Shield,https://eldenring.fanapis.com/images/shields/17f6976985el0i124znputjytfizsr.png,"A creaky old wooden shield, circular in shape. Roughly reinforced with vines or some such. There are countless other shields available of better make. This piece of scrap isn't worth the effort of equipping.","[{'name': 'Phy', 'amount': 70}, {'name': 'Mag', 'amount': 0}, {'name': 'Fire', 'amount': 0}, {'name': 'Ligt', 'amount': 0}, {'name': 'Holy', 'amount': 0}, {'name': 'Crit', 'amount': 100}]","[{'name': 'Phy', 'amount': 50}, {'name': 'Mag', 'amount': 25}, {'name': 'Fire', 'amount': 20}, {'name': 'Ligt', 'amount': 30}, {'name': 'Holy', 'amount': 30}, {'name': 'Boost', 'amount': 25}]","[{'name': 'Str', 'scaling': 'E'}]","[{'name': 'Str', 'amount': 8}]",Small Shield,1.0
17f693d58ael0i125pgfsn2zo4078i,Beastman's Jar-shield,https://eldenring.fanapis.com/images/shields/17f693d58ael0i125pgfsn2zo4078i.png,"Shield fashioned from a tall broken jar carried by the beastmen of Farum Azula. There is a particular knack to wielding it. The beastmen have always fired earthenware jars for the express purpose of making shields. Such are their ways, strange though they are.","[{'name': 'Phy', 'amount': 71}, {'name': 'Mag', 'amount': 0}, {'name': 'Fire', 'amount': 0}, {'name': 'Ligt', 'amount': 0}, {'name': 'Holy', 'amount': 0}, {'name': 'Crit', 'amount': 100}]","[{'name': 'Phy', 'amount': 95}, {'name': 'Mag', 'amount': 30}, {'name': 'Fire', 'amount': 55}, {'name': 'Ligt', 'amount': 60}, {'name': 'Holy', 'amount': 55}, {'name': 'Boost', 'amount': 48}]","[{'name': 'Str', 'scaling': ''}]","[{'name': 'Str', 'amount': 10}]",Small Shield,5.0
17f69c6b08dl0i125phehezloe6mgp,Red Thorn Roundshield,https://eldenring.fanapis.com/images/shields/17f69c6b08dl0i125phehezloe6mgp.png,"A small, wooden roundshield. It is light and easy to use, but cannot offer the damage negation of a metal shield. Its emblem is an ancient red thorn design. Though it isn't much, it boosts fire damage negation.","[{'name': 'Phy', 'amount': 70}, {'name': 'Mag', 'amount': 0}, {'name': 'Fire', 'amount': 0}, {'name': 'Ligt', 'amount': 0}, {'name': 'Holy', 'amount': 0}, {'name': 'Crit', 'amount': 100}]","[{'name': 'Phy', 'amount': 58}, {'name': 'Mag', 'amount': 30}, {'name': 'Fire', 'amount': 40}, {'name': 'Ligt', 'amount': 35}, {'name': 'Holy', 'amount': 35}, {'name': 'Boost', 'amount': 32}]","[{'name': 'Str', 'scaling': 'E'}]","[{'name': 'Str', 'amount': 8}]",Small Shield,1.5
17f6976f39fl0i125rvey7g31uyix,Riveted Wooden Shield,https://eldenring.fanapis.com/images/shields/17f6976f39fl0i125rvey7g31uyix.png,"Small wooden roundshield that has been reinforced with metal. It is light and easy to handle, but cannot offer the damage negation of a true metal shield. The design riveted to the center represents both sword and tree.","[{'name': 'Phy', 'amount': 72}, {'name': 'Mag', 'amount': 0}, {'name': 'Fire', 'amount': 0}, {'name': 'Ligt', 'amount': 0}, {'name': 'Holy', 'amount': 0}, {'name': 'Crit', 'amount': 100}]","[{'name': 'Phy', 'amount': 64}, {'name': 'Mag', 'amount': 38}, {'name': 'Fire', 'amount': 29}, {'name': 'Ligt', 'amount': 22}, {'name': 'Holy', 'amount': 42}, {'name': 'Boost', 'amount': 35}]","[{'name': 'Str', 'scaling': 'E'}]","[{'name': 'Str', 'amount': 8}]",Small Shield,2.0
17f69cbb4afl0i125s3vg05tmg3h9,Scripture Wooden Shield,https://eldenring.fanapis.com/images/shields/17f69cbb4afl0i125s3vg05tmg3h9.png,"A small, wooden roundshield. It is light and easy to handle, but cannot offer the damage negation of a metal shield. An ancient cipher engraving linesd the circumference. Though it isn't much, it boosts holy damage negation.","[{'name': 'Phy', 'amount': 70}, {'name': 'Mag', 'amount': 0}, {'name': 'Fire', 'amount': 0}, {'name': 'Ligt', 'amount': 0}, {'name': 'Holy', 'amount': 0}, {'name': 'Crit', 'amount': 100}]","[{'name': 'Phy', 'amount': 58}, {'name': 'Mag', 'amount': 38}, {'name': 'Fire', 'amount': 20}, {'name': 'Ligt', 'amount': 35}, {'name': 'Holy', 'amount': 43}, {'name': 'Boost', 'amount': 32}]","[{'name': 'Str', 'scaling': 'E'}]","[{'name': 'Str', 'amount': 8}]",Small Shield,1.5
17f69652424l0i125urgh9o09mhavm,Blue-white Wooden Shield,https://eldenring.fanapis.com/images/shields/17f69652424l0i125urgh9o09mhavm.png,"Small wooden roundshield that has been reinforced with metal. It is light and easy to handle, but cannot offer the damage negation of a true metal shield. The design is said to represent the stars of the night sky, portending fate.","[{'name': 'Phy', 'amount': 72}, {'name': 'Mag', 'amount': 0}, {'name': 'Fire', 'amount': 0}, {'name': 'Ligt', 'amount': 0}, {'name': 'Holy', 'amount': 0}, {'name': 'Crit', 'amount': 100}]","[{'name': 'Phy', 'amount': 63}, {'name': 'Mag', 'amount': 42}, {'name': 'Fire', 'amount': 33}, {'name': 'Ligt', 'amount': 19}, {'name': 'Holy', 'amount': 38}, {'name': 'Boost', 'amount': 35}]","[{'name': 'Str', 'scaling': 'E'}]","[{'name': 'Str', 'amount': 8}]",Small Shield,2.0
17f69c01371l0i126fsrmmhmt78m7,Rift Shield,https://eldenring.fanapis.com/images/shields/17f69c01371l0i126fsrmmhmt78m7.png,"Small metal roundshiled depicting a sinister rift. An antiquated charm that glares back at an enemy, it boosts focus.","[{'name': 'Phy', 'amount': 70}, {'name': 'Mag', 'amount': 0}, {'name': 'Fire', 'amount': 0}, {'name': 'Ligt', 'amount': 0}, {'name': 'Holy', 'amount': 0}, {'name': 'Crit', 'amount': 100}]","[{'name': 'Phy', 'amount': 66}, {'name': 'Mag', 'amount': 30}, {'name': 'Fire', 'amount': 35}, {'name': 'Ligt', 'amount': 15}, {'name': 'Holy', 'amount': 35}, {'name': 'Boost', 'amount': 37}]","[{'name': 'Str', 'scaling': 'E'}]","[{'name': 'Str', 'amount': 8}]",Small Shield,2.0
17f69b10c2el0i126k1rlvenfih79r,Iron Roundshield,https://eldenring.fanapis.com/images/shields/17f69b10c2el0i126k1rlvenfih79r.png,"An ordinary small roundshield made of metal. Heavier than a wooden shield, but boasts higher damage negation. Finely balanced, this shield is easy to use.","[{'name': 'Phy', 'amount': 74}, {'name': 'Mag', 'amount': 0}, {'name': 'Fire', 'amount': 0}, {'name': 'Ligt', 'amount': 0}, {'name': 'Holy', 'amount': 0}, {'name': 'Crit', 'amount': 100}]","[{'name': 'Phy', 'amount': 71}, {'name': 'Mag', 'amount': 38}, {'name': 'Fire', 'amount': 38}, {'name': 'Ligt', 'amount': 16}, {'name': 'Holy', 'amount': 38}, {'name': 'Boost', 'amount': 40}]","[{'name': 'Str', 'scaling': 'E'}]","[{'name': 'Str', 'amount': 8}]",Small Shield,3.0
17f69bd6428l0i126mo49q97n1both,Smoldering Shield,https://eldenring.fanapis.com/images/shields/17f69bd6428l0i126mo49q97n1both.png,"Small shield made upon Mt. Gelmir forged from uncooling lava. Resists frost with its heat, and can even be used to deal fire damage if wielded as a weapon.","[{'name': 'Phy', 'amount': 58}, {'name': 'Mag', 'amount': 0}, {'name': 'Fire', 'amount': 37}, {'name': 'Ligt', 'amount': 0}, {'name': 'Holy', 'amount': 0}, {'name': 'Crit', 'amount': 100}]","[{'name': 'Phy', 'amount': 69}, {'name': 'Mag', 'amount': 36}, {'name': 'Fire', 'amount': 49}, {'name': 'Ligt', 'amount': 13}, {'name': 'Holy', 'amount': 36}, {'name': 'Boost', 'amount': 40}]","[{'name': 'Str'}, {'name': 'Dex'}]","[{'name': 'Str', 'amount': 10}, {'name': 'Dex', 'amount': 9}]",Small Shields,3.0
17f698a4b7bl0i126nb4s0xsp2lnfw,Gilded Iron Shield,https://eldenring.fanapis.com/images/shields/17f698a4b7bl0i126nb4s0xsp2lnfw.png,"Small metal roundshield. Heavier than a wooden shield, but boasts higher damage negation. Though the gold leaf is peeling and the effect is slight, it still boosts holy damage negation.","[{'name': 'Phy', 'amount': 74}, {'name': 'Mag', 'amount': 0}, {'name': 'Fire', 'amount': 0}, {'name': 'Ligt', 'amount': 0}, {'name': 'Holy', 'amount': 0}, {'name': 'Crit', 'amount': 100}]","[{'name': 'Phy', 'amount': 69}, {'name': 'Mag', 'amount': 38}, {'name': 'Fire', 'amount': 35}, {'name': 'Ligt', 'amount': 14}, {'name': 'Holy', 'amount': 49}, {'name': 'Boost', 'amount': 40}]","[{'name': 'Str', 'scaling': 'E'}]","[{'name': 'Str', 'amount': 8}]",Small Shield,3.0
17f69b12e1bl0i126nysn2v09nsd3,Ice Crest Shield,https://eldenring.fanapis.com/images/shields/17f69b12e1bl0i126nysn2v09nsd3.png,"Small metal roundshield. Heavier than a wooden shield, but boasts higher damage negation. The ice crest originates from a Carian princess. Thogh the effect is slight, it boosts magic damage negation and resistance to frost.","[{'name': 'Phy', 'amount': 74}, {'name': 'Mag', 'amount': 0}, {'name': 'Fire', 'amount': 0}, {'name': 'Ligt', 'amount': 0}, {'name': 'Holy', 'amount': 0}, {'name': 'Crit', 'amount': 100}]","[{'name': 'Phy', 'amount': 68}, {'name': 'Mag', 'amount': 49}, {'name': 'Fire', 'amount': 39}, {'name': 'Ligt', 'amount': 16}, {'name': 'Holy', 'amount': 33}, {'name': 'Boost', 'amount': 40}]","[{'name': 'Str', 'scaling': 'E'}]","[{'name': 'Str', 'amount': 9}]",Small Shield,3.0
17f6942deffl0i1271bdbp91snfovh,Spiralhorn Shield,https://eldenring.fanapis.com/images/shields/17f6942deffl0i1271bdbp91snfovh.png,"Small shield of antlers arranged in an eddy-like pattern. If used to attack a foe, the shield's antlers inflict blood loss. Once given to a Tarnished warrior who cultivated close ties to the ancestral followers. Though the effect is only slight, it boosts immunity, robustness, and focus.","[{'name': 'Phy', 'amount': 75}, {'name': 'Mag', 'amount': 0}, {'name': 'Fire', 'amount': 0}, {'name': 'Ligt', 'amount': 0}, {'name': 'Holy', 'amount': 0}, {'name': 'Crit', 'amount': 100}]","[{'name': 'Phy', 'amount': 59}, {'name': 'Mag', 'amount': 33}, {'name': 'Fire', 'amount': 37}, {'name': 'Ligt', 'amount': 38}, {'name': 'Holy', 'amount': 30}, {'name': 'Boost', 'amount': 29}]","[{'name': 'Str'}, {'name': 'Dex'}]","[{'name': 'Str', 'amount': 8}, {'name': 'Dex', 'amount': 10}]",Small Shield,2.0
17f6985902bl0i127b1nqhoj9b4nhl,Marred Leather Shield,https://eldenring.fanapis.com/images/shields/17f6985902bl0i127b1nqhoj9b4nhl.png,"Leather shield of Stormveil soldiers. Miuch like the castle, it is marred by mottling and thorns. Some say it is the curse of grafting which causes such affliction, while others talk of its root being something altogether more sinister hidden deep within the castle.","[{'name': 'Phy', 'amount': 75}, {'name': 'Mag', 'amount': 0}, {'name': 'Fire', 'amount': 0}, {'name': 'Ligt', 'amount': 0}, {'name': 'Holy', 'amount': 0}, {'name': 'Crit', 'amount': 100}]","[{'name': 'Phy', 'amount': 76}, {'name': 'Mag', 'amount': 49}, {'name': 'Fire', 'amount': 36}, {'name': 'Ligt', 'amount': 45}, {'name': 'Holy', 'amount': 45}, {'name': 'Boost', 'amount': 40}]","[{'name': 'Str', 'scaling': 'D'}]","[{'name': 'Str', 'amount': 8}]",Medium Shield,3.0
17f696cb3bal0i127cn7tiavj7t1u,Marred Wooden Shield,https://eldenring.fanapis.com/images/shields/17f696cb3bal0i127cn7tiavj7t1u.png,"""Wooden shield of the Stormveil soldiers. Much like the castle, it is marred by mottling and thorns. Some say it is the curse of grafting which causes such affliction, while others talk of its root being something altogether more sinister hidden deep within the castle.""","[{'name': 'Phy', 'amount': 76}, {'name': 'Mag', 'amount': 0}, {'name': 'Fire', 'amount': 0}, {'name': 'Ligt', 'amount': 0}, {'name': 'Holy', 'amount': 0}, {'name': 'Crit', 'amount': 100}]","[{'name': 'Phy', 'amount': 78}, {'name': 'Mag', 'amount': 52}, {'name': 'Fire', 'amount': 27}, {'name': 'Ligt', 'amount': 50}, {'name': 'Holy', 'amount': 49}, {'name': 'Boost', 'amount': 41}]","[{'name': 'Str', 'scaling': 'D'}]","[{'name': 'Str', 'amount': 8}]",Medium Shield,4.0
17f694927d7l0i127ng35ra4v5k4gn,Coil Shield,https://eldenring.fanapis.com/images/shields/17f694927d7l0i127ng35ra4v5k4gn.png,"An extremely odd shield adorned with a coiled bronze snake. An excellent choice for attention-seekers. This Shield provides an effective defense against poison - after all, how does one poison a poisonous snake?","[{'name': 'Phy', 'amount': 92}, {'name': 'Mag', 'amount': 0}, {'name': 'Fire', 'amount': 0}, {'name': 'Ligt', 'amount': 0}, {'name': 'Holy', 'amount': 0}, {'name': 'Crit', 'amount': 100}]","[{'name': 'Phy', 'amount': 52}, {'name': 'Mag', 'amount': 38}, {'name': 'Fire', 'amount': 28}, {'name': 'Ligt', 'amount': 34}, {'name': 'Holy', 'amount': 35}, {'name': 'Boost', 'amount': 22}]","[{'name': 'Str', 'scaling': 'E'}, {'name': 'Dex', 'scaling': ''}]","[{'name': 'Str', 'amount': 10}, {'name': 'Dex', 'amount': 10}]",Small Shield,1.5
17f6967bb2bl0i127q8x98oklbecj,Kite Shield,https://eldenring.fanapis.com/images/shields/17f6967bb2bl0i127q8x98oklbecj.png,"A standard medium-sized metal shield. Metal shields reliably negate physical damage when guarding, a trait which made them highly trusted on the battlefield.","[{'name': 'Phy', 'amount': 78}, {'name': 'Mag', 'amount': 0}, {'name': 'Fire', 'amount': 0}, {'name': 'Ligt', 'amount': 0}, {'name': 'Holy', 'amount': 0}, {'name': 'Crit', 'amount': 100}]","[{'name': 'Phy', 'amount': 100}, {'name': 'Mag', 'amount': 47}, {'name': 'Fire', 'amount': 47}, {'name': 'Ligt', 'amount': 33}, {'name': 'Holy', 'amount': 47}, {'name': 'Boost', 'amount': 47}]","[{'name': 'Str', 'scaling': 'D'}]","[{'name': 'Str', 'amount': 12}]",Medium Shield,4.5
17f698ac740l0i127wziv2s11fd2c,Banished Knight's Shield,https://eldenring.fanapis.com/images/shields/17f698ac740l0i127wziv2s11fd2c.png,"A tall medium-sized metal shield. Given to knights who, whether by misfortune or misdeed, were forced to abandon their homes. Most of these knights were sent to the fringes, where they were forced to start anew with only despair for company.","[{'name': 'Phy', 'amount': 81}, {'name': 'Mag', 'amount': 0}, {'name': 'Fire', 'amount': 0}, {'name': 'Ligt', 'amount': 0}, {'name': 'Holy', 'amount': 0}, {'name': 'Crit', 'amount': 100}]","[{'name': 'Phy', 'amount': 100}, {'name': 'Mag', 'amount': 49}, {'name': 'Fire', 'amount': 57}, {'name': 'Ligt', 'amount': 31}, {'name': 'Holy', 'amount': 48}, {'name': 'Boost', 'amount': 52}]","[{'name': 'Str', 'scaling': 'D'}]","[{'name': 'Str', 'amount': 14}]",Medium Shield,6.0
17f69ce5e4cl0i128b0nivmu8x7jg,Albinauric Shield,https://eldenring.fanapis.com/images/shields/17f69ce5e4cl0i128b0nivmu8x7jg.png,"Tall oval shield made of metal carried by young Albinaurics. The ornamentation represents the primordial drop of dew from which they are said to have been created. Boasts exceptional magic damage negation. The Albinaurics' most formidable foes were sorcerers, after all.","[{'name': 'Phy', 'amount': 78}, {'name': 'Mag', 'amount': 0}, {'name': 'Fire', 'amount': 0}, {'name': 'Ligt', 'amount': 0}, {'name': 'Holy', 'amount': 0}, {'name': 'Crit', 'amount': 100}]","[{'name': 'Phy', 'amount': 100}, {'name': 'Mag', 'amount': 61}, {'name': 'Fire', 'amount': 42}, {'name': 'Ligt', 'amount': 23}, {'name': 'Holy', 'amount': 47}, {'name': 'Boost', 'amount': 42}]","[{'name': 'Str', 'scaling': '?'}]","[{'name': 'Str', 'amount': 11}]",Medium Shield,4.5
17f6987cd26l0i128fmzfvt6grfjsp,Sun Realm Shield,https://eldenring.fanapis.com/images/shields/17f6987cd26l0i128fmzfvt6grfjsp.png,"Shield of honor depicting a city crowned by the sun. It has seen better days. Much like the wear upon the shield, the Seat of the Sun is long faded away.","[{'name': 'Phy', 'amount': 74}, {'name': 'Mag', 'amount': 0}, {'name': 'Fire', 'amount': 0}, {'name': 'Ligt', 'amount': 0}, {'name': 'Holy', 'amount': 0}, {'name': 'Crit', 'amount': 100}]","[{'name': 'Phy', 'amount': 85}, {'name': 'Mag', 'amount': 44}, {'name': 'Fire', 'amount': 27}, {'name': 'Ligt', 'amount': 40}, {'name': 'Holy', 'amount': 56}, {'name': 'Boost', 'amount': 40}]","[{'name': 'Str', 'scaling': '?'}]","[{'name': 'Str', 'amount': 8}]",Medium Shield,3.5
17f6970052fl0i128q30d2avtlnbrrf,Silver Mirrorshield,https://eldenring.fanapis.com/images/shields/17f6970052fl0i128q30d2avtlnbrrf.png,"Shield of radiant silver, festooned with amber and carried by Loretta, Knight of the Haligtree. The shape is said to imitate that of a sacred drop of dew, which inspired the absurd rumor that Loretta herself was an Albinauric.","[{'name': 'Phy', 'amount': 70}, {'name': 'Mag', 'amount': 45}, {'name': 'Fire', 'amount': 0}, {'name': 'Ligt', 'amount': 0}, {'name': 'Holy', 'amount': 0}, {'name': 'Crit', 'amount': 100}]","[{'name': 'Phy', 'amount': 100}, {'name': 'Mag', 'amount': 89}, {'name': 'Fire', 'amount': 31}, {'name': 'Ligt', 'amount': 19}, {'name': 'Holy', 'amount': 27}, {'name': 'Boost', 'amount': 42}]","[{'name': 'Str', 'scaling': 'D'}, {'name': 'Dex', 'scaling': '?'}, {'name': 'Int', 'scaling': 'D'}]","[{'name': 'Str', 'amount': 12}, {'name': 'Dex', 'amount': 10}, {'name': 'Int', 'amount': 10}]",Medium Shield,3.5
17f6988b72dl0i128vmcj5b7a5j1e9,Round Shield,https://eldenring.fanapis.com/images/shields/17f6988b72dl0i128vmcj5b7a5j1e9.png,"A wooden roundshield that has been reinforced with metal. Comparatively light for its size, this shield is easy to handle but lacks a true metal shield's ability to negate damage.","[{'name': 'Phy', 'amount': 76}, {'name': 'Mag', 'amount': 0}, {'name': 'Fire', 'amount': 0}, {'name': 'Ligt', 'amount': 0}, {'name': 'Holy', 'amount': 0}, {'name': 'Crit', 'amount': 100}]","[{'name': 'Phy', 'amount': 83}, {'name': 'Mag', 'amount': 50}, {'name': 'Fire', 'amount': 37}, {'name': 'Ligt', 'amount': 43}, {'name': 'Holy', 'amount': 50}, {'name': 'Boost', 'amount': 42}]","[{'name': 'Str', 'scaling': 'D'}]","[{'name': 'Str', 'amount': 8}]",Medium Shield,4.0
17f6948dfb1l0i1298n92tg7459mbg,Scorpion Kite Shield,https://eldenring.fanapis.com/images/shields/17f6948dfb1l0i1298n92tg7459mbg.png,"A standard medium-sized metal shield. Highly reputed for its solid build and reliability. Emblazoned with a yellow scorpion, a warning of surprise attacks and sudden strikes.","[{'name': 'Phy', 'amount': 78}, {'name': 'Mag', 'amount': 0}, {'name': 'Fire', 'amount': 0}, {'name': 'Ligt', 'amount': 0}, {'name': 'Holy', 'amount': 0}, {'name': 'Crit', 'amount': 100}]","[{'name': 'Phy', 'amount': 100}, {'name': 'Mag', 'amount': 45}, {'name': 'Fire', 'amount': 46}, {'name': 'Ligt', 'amount': 33}, {'name': 'Holy', 'amount': 50}, {'name': 'Boost', 'amount': 47}]","[{'name': 'Str', 'scaling': '?'}]","[{'name': 'Str', 'amount': 11}]",Medium Shield,4.5
17f698aad3fl0i129kcpcnkgwlznm,Twinbird Kite Shield,https://eldenring.fanapis.com/images/shields/17f698aad3fl0i129kcpcnkgwlznm.png,"Shield featuring a vividly painted twinbird. The twinbird is said to be the envoy of an outer god, and mother of the Deathbirds. At dwindling levels of HP, this shield slightly boosts both attack and defense.","[{'name': 'Phy', 'amount': 78}, {'name': 'Mag', 'amount': 0}, {'name': 'Fire', 'amount': 0}, {'name': 'Ligt', 'amount': 0}, {'name': 'Holy', 'amount': 0}, {'name': 'Crit', 'amount': 100}]","[{'name': 'Phy', 'amount': 100}, {'name': 'Mag', 'amount': 49}, {'name': 'Fire', 'amount': 50}, {'name': 'Ligt', 'amount': 28}, {'name': 'Holy', 'amount': 35}, {'name': 'Boost', 'amount': 49}]","[{'name': 'Str', 'scaling': '?'}]","[{'name': 'Str', 'amount': 12}]",Medium Shield,4.5
17f6966bef4l0i129o1blgktqip69s,Blue-gold Kite Shield,https://eldenring.fanapis.com/images/shields/17f6966bef4l0i129o1blgktqip69s.png,A standard medium-sized shield. Highly reputed for its solid build and reliability. The design represents the Erdtree foreground against a blue sky.,"[{'name': 'Phy', 'amount': 80}, {'name': 'Mag', 'amount': 0}, {'name': 'Fire', 'amount': 0}, {'name': 'Ligt', 'amount': 0}, {'name': 'Holy', 'amount': 0}, {'name': 'Crit', 'amount': 100}]","[{'name': 'Phy', 'amount': 100}, {'name': 'Mag', 'amount': 47}, {'name': 'Fire', 'amount': 53}, {'name': 'Ligt', 'amount': 35}, {'name': 'Holy', 'amount': 45}, {'name': 'Boost', 'amount': 47}]","[{'name': 'Str', 'scaling': 'D'}]","[{'name': 'Str', 'amount': 12}]",Medium Shield,5.0
17f69beaf5al0i12ae69s49g5aaaea,Brass Shield,https://eldenring.fanapis.com/images/shields/17f69beaf5al0i12ae69s49g5aaaea.png,"On the larger side for medium-sized shield, the face has been covered in brass. Commonly employed in the Shattering.","[{'name': 'Phy', 'amount': 84}, {'name': 'Mag', 'amount': 0}, {'name': 'Fire', 'amount': 0}, {'name': 'Ligt', 'amount': 0}, {'name': 'Holy', 'amount': 0}, {'name': 'Crit', 'amount': 100}]","[{'name': 'Phy', 'amount': 100}, {'name': 'Mag', 'amount': 55}, {'name': 'Fire', 'amount': 59}, {'name': 'Ligt', 'amount': 39}, {'name': 'Holy', 'amount': 54}, {'name': 'Boost', 'amount': 56}]","[{'name': 'Str', 'scaling': 'D'}]","[{'name': 'Str', 'amount': 16}]",Medium Shield,7.0
17f6996caf5l0i12afnpkuzhuzo9o,Shield Of The Guilty,https://eldenring.fanapis.com/images/shields/17f6996caf5l0i12afnpkuzhuzo9o.png,"Shield made to venerate a maiden whose eyes were crushed by Briars of Sin before being reborn in these lands. Venerating the repose of the soul, this shield boosts focus. The briars can be used to attack foes.","[{'name': 'Phy', 'amount': 75}, {'name': 'Mag', 'amount': 0}, {'name': 'Fire', 'amount': 0}, {'name': 'Ligt', 'amount': 0}, {'name': 'Holy', 'amount': 0}, {'name': 'Crit', 'amount': 100}]","[{'name': 'Phy', 'amount': 62}, {'name': 'Mag', 'amount': 35}, {'name': 'Fire', 'amount': 35}, {'name': 'Ligt', 'amount': 30}, {'name': 'Holy', 'amount': 35}, {'name': 'Boost', 'amount': 29}]","[{'name': 'Str', 'scaling': 'D'}]","[{'name': 'Str', 'amount': 8}]",Small Shield,2.0
17f699d7257l0i12ai52ozxwx6ewwi,Great Turtle Shell,https://eldenring.fanapis.com/images/shields/17f699d7257l0i12ai52ozxwx6ewwi.png,"Shield fashioned from a great turtle shell. The natural curve helps it contend with foes' attacks. The turtle is a symbol of tirelessness, and this shield boosts stamina recovery speed.","[{'name': 'Phy', 'amount': 81}, {'name': 'Mag', 'amount': 0}, {'name': 'Fire', 'amount': 0}, {'name': 'Ligt', 'amount': 0}, {'name': 'Holy', 'amount': 0}, {'name': 'Crit', 'amount': 100}]","[{'name': 'Phy', 'amount': 100}, {'name': 'Mag', 'amount': 44}, {'name': 'Fire', 'amount': 39}, {'name': 'Ligt', 'amount': 43}, {'name': 'Holy', 'amount': 46}, {'name': 'Boost', 'amount': 48}]","[{'name': 'Str', 'scaling': 'D'}]","[{'name': 'Str', 'amount': 14}]",Medium Shield,5.5
17f6942eeabl0i12apjrp14m98cxmg,Carian Knight's Shield,https://eldenring.fanapis.com/images/shields/17f6942eeabl0i12apjrp14m98cxmg.png,A teardrop-shaped shield embedded with blue glintstones. Carried by knights who served the Carian royal family. Excels when facing magic or holy attacks. Just who were these knights preparing to fight?,"[{'name': 'Phy', 'amount': 63}, {'name': 'Mag63', 'amount': None}, {'name': 'Fire', 'amount': 0}, {'name': 'Ligt', 'amount': 0}, {'name': 'Holy', 'amount': 0}, {'name': 'Crit', 'amount': 100}]","[{'name': 'Phy', 'amount': 100}, {'name': 'Mag', 'amount': 58}, {'name': 'Fire', 'amount': 28}, {'name': 'Ligt', 'amount': 19}, {'name': 'Holy', 'amount': 54}, {'name': 'Boost', 'amount': 47}]","[{'name': 'STR', 'scaling': 'D'}, {'name': 'INT', 'scaling': 'D'}, {'name': ''}, {'name': ''}]","[{'name': 'STR', 'amount': 10}, {'name': 'DEX', 'amount': 10}, {'name': 'INT', 'amount': 15}]",Medium Shield,4.5
17f699a214fl0i12beelfraiymmf7,Horse Crest Wooden Shield,https://eldenring.fanapis.com/images/shields/17f699a214fl0i12beelfraiymmf7.png,"A tall, medium-sized wooden shield. Light for its size, and easy to handle. The circular horsehead design evokes a swift gallop.","[{'name': 'Phy', 'amount': 76}, {'name': 'Mag', 'amount': 0}, {'name': 'Fire', 'amount': 0}, {'name': 'Ligt', 'amount': 0}, {'name': 'Holy', 'amount': 0}, {'name': 'Crit', 'amount': 100}]","[{'name': 'Phy', 'amount': 81}, {'name': 'Mag', 'amount': 50}, {'name': 'Fire', 'amount': 32}, {'name': 'Ligt', 'amount': 43}, {'name': 'Holy', 'amount': 42}, {'name': 'Boost', 'amount': 38}]","[{'name': 'Str', 'scaling': 'D'}]","[{'name': 'Str', 'amount': 8}]",Medium Shield,3.5
17f69723a6dl0i12bhd8qm1rkekq4w,Candletree Wooden Shield,https://eldenring.fanapis.com/images/shields/17f69723a6dl0i12bhd8qm1rkekq4w.png,"A tall, medium-sized wooden shield. Light for its size, and easy to handle. Thought to represent a surreptitious prophecy of cardinal sin, the lit candle-tree design was forbidden.","[{'name': 'Phy', 'amount': 76}, {'name': 'Mag', 'amount': 0}, {'name': 'Fire', 'amount': 0}, {'name': 'Ligt', 'amount': 0}, {'name': 'Holy', 'amount': 0}, {'name': 'Crit', 'amount': 100}]","[{'name': 'Phy', 'amount': 82}, {'name': 'Mag', 'amount': 42}, {'name': 'Fire', 'amount': 32}, {'name': 'Ligt', 'amount': 50}, {'name': 'Holy', 'amount': 43}, {'name': 'Boost', 'amount': 39}]","[{'name': 'Str', 'scaling': 'D'}]","[{'name': 'Str', 'amount': 8}]",Medium Shield,3.5
17f69b8ad9fl0i12bhsus3gi193fg,Large Leather Shield,https://eldenring.fanapis.com/images/shields/17f69b8ad9fl0i12bhsus3gi193fg.png,"A round shield covered in leather. One of the larger categories of medium-sized shield. Though its damage negation may be lacking compared to a metal shield, it can handle wider range of attack affinities.","[{'name': 'Phy', 'amount': 75}, {'name': 'Mag', 'amount': 0}, {'name': 'Fire', 'amount': 0}, {'name': 'Ligt', 'amount': 0}, {'name': 'Holy', 'amount': 0}, {'name': 'Crit', 'amount': 100}]","[{'name': 'Phy', 'amount': 76}, {'name': 'Mag', 'amount': 49}, {'name': 'Fire', 'amount': 36}, {'name': 'Ligt', 'amount': 45}, {'name': 'Holy', 'amount': 45}, {'name': 'Boost', 'amount': 40}]","[{'name': 'Str', 'scaling': 'D'}]","[{'name': 'Str', 'amount': 8}]",Medium Shield,3.0
17f698d0e0bl0i12bjdv825l4x33d,Flame Crest Wooden Shield,https://eldenring.fanapis.com/images/shields/17f698d0e0bl0i12bjdv825l4x33d.png,"A tall, medium-sized wooden shield. Light for its size, and easy to handle. Carried by soldiers of the village that is afflicted by frenzy. The yellow flame is the symbol of the affliction, serving as a warning to those who might approach the village.","[{'name': 'Phy', 'amount': 76}, {'name': 'Mag', 'amount': 0}, {'name': 'Fire', 'amount': 0}, {'name': 'Ligt', 'amount': 0}, {'name': 'Holy', 'amount': 0}, {'name': 'Crit', 'amount': 100}]","[{'name': 'Phy', 'amount': 83}, {'name': 'Mag', 'amount': 43}, {'name': 'Fire', 'amount': 32}, {'name': 'Ligt', 'amount': 42}, {'name': 'Holy', 'amount': 50}, {'name': 'Boost', 'amount': 39}]","[{'name': 'Str', 'scaling': 'D'}]","[{'name': 'Str', 'amount': 8}]",Medium Shield,3.5
17f694f969el0i12bq44jy1iwmun1y,Hawk Crest Wooden Shield,https://eldenring.fanapis.com/images/shields/17f694f969el0i12bq44jy1iwmun1y.png,"A tall, medium-sized wooden shield. Light for its size, and easy to handle. Adorned with a long-forgotten crest of Stormveil, ancient in design.","[{'name': 'Phy', 'amount': 76}, {'name': 'Mag', 'amount': 0}, {'name': 'Fire', 'amount': 0}, {'name': 'Ligt', 'amount': 0}, {'name': 'Holy', 'amount': 0}, {'name': 'Crit', 'amount': 100}]","[{'name': 'Phy', 'amount': 85}, {'name': 'Mag', 'amount': 44}, {'name': 'Fire', 'amount': 32}, {'name': 'Ligt', 'amount': 44}, {'name': 'Holy', 'amount': 44}, {'name': 'Boost', 'amount': 38}]","[{'name': 'Str', 'scaling': 'D'}]","[{'name': 'Str', 'amount': 8}]",Medium Shield,3.5
17f69710d06l0i12cez6ml1ut0n7cs,Beast Crest Heater Shield,https://eldenring.fanapis.com/images/shields/17f69710d06l0i12cez6ml1ut0n7cs.png,"A medium-sized metal shield. Easier to handle than a kite shield. Features a beast as its crest, serving to remind warriors not to succumb to the arousal of battle. Fight with passion, but become nor its prisoner.","[{'name': 'Phy', 'amount': 77}, {'name': 'Mag', 'amount': 0}, {'name': 'Fire', 'amount': 0}, {'name': 'Ligt', 'amount': 0}, {'name': 'Holy', 'amount': 0}, {'name': 'Crit', 'amount': 100}]","[{'name': 'Phy', 'amount': 100}, {'name': 'Mag', 'amount': 50}, {'name': 'Fire', 'amount': 43}, {'name': 'Ligt', 'amount': 32}, {'name': 'Holy', 'amount': 42}, {'name': 'Boost', 'amount': 44}]","[{'name': 'Str', 'scaling': 'D'}]","[{'name': 'Str', 'amount': 10}]",Medium Shield,3.5
17f69654c0bl0i12chkv2olyhv4kt,Red Crest Heater Shield,https://eldenring.fanapis.com/images/shields/17f69654c0bl0i12chkv2olyhv4kt.png,A medium-sized metal shield. Easier to handle than a kite shield. The crest symbolizes red wings.,"[{'name': 'Phy', 'amount': 77}, {'name': 'Mag', 'amount': 0}, {'name': 'Fire', 'amount': 0}, {'name': 'Ligt', 'amount': 0}, {'name': 'Holy', 'amount': 0}, {'name': 'Crit', 'amount': 100}]","[{'name': 'Phy', 'amount': 100}, {'name': 'Mag', 'amount': 42}, {'name': 'Fire', 'amount': 50}, {'name': 'Ligt', 'amount': 32}, {'name': 'Holy', 'amount': 43}, {'name': 'Boost', 'amount': 43}]","[{'name': 'Str', 'scaling': '?'}]","[{'name': 'Str', 'amount': 10}]",Medium Shield,3.5
17f69c34ab1l0i12cmtzhluyza2vbd,Eclipse Crest Heater Shield,https://eldenring.fanapis.com/images/shields/17f69c34ab1l0i12cmtzhluyza2vbd.png,A medium-sized metal shield. Easier to handle than a kite shield. The sun in eclipse is said to be the symbol of the Wandering Mausoleum where the soulless demigods slumber.,"[{'name': 'Phy', 'amount': 77}, {'name': 'Mag', 'amount': None}, {'name': 'Fire', 'amount': None}, {'name': 'Ligt', 'amount': None}, {'name': 'Holy', 'amount': None}, {'name': 'Crit', 'amount': 100}]","[{'name': 'Phy', 'amount': 100}, {'name': 'Mag', 'amount': 44}, {'name': 'Fire', 'amount': 44}, {'name': 'Ligt', 'amount': 37}, {'name': 'Holy', 'amount': 44}, {'name': 'Boost', 'amount': 46}]","[{'name': 'Strength', 'scaling': '-'}]","[{'name': 'Strength', 'amount': None}]",Medium Shield,3.5
17f69722576l0i12cnfqtct2uo1lqi,Blue Crest Heater Shield,https://eldenring.fanapis.com/images/shields/17f69722576l0i12cnfqtct2uo1lqi.png,A medium-sized metal shield. Easier to handle than a kite shield. The crest represents a forest and river.,"[{'name': 'Phy', 'amount': 77}, {'name': 'Mag', 'amount': 0}, {'name': 'Fire', 'amount': 0}, {'name': 'Ligt', 'amount': 0}, {'name': 'Holy', 'amount': 0}, {'name': 'Crit', 'amount': 100}]","[{'name': 'Phy', 'amount': 100}, {'name': 'Mag', 'amount': 43}, {'name': 'Fire', 'amount': 42}, {'name': 'Ligt', 'amount': 32}, {'name': 'Holy', 'amount': 50}, {'name': 'Boost', 'amount': 44}]","[{'name': 'Str', 'scaling': 'D'}]","[{'name': 'Str', 'amount': 10}]",Medium Shield,3.5
17f693c5d25l0i12cqwc17w5od5uh,Inverted Hawk Heater Shield,https://eldenring.fanapis.com/images/shields/17f693c5d25l0i12cqwc17w5od5uh.png,A medium-sized metal shield. Easier to handle than a kite shield. The inverted hawk is the emblem of the company of slaves ordered to explore the Eternal City.,"[{'name': 'Phy', 'amount': 77}, {'name': 'Mag', 'amount': 0}, {'name': 'Fire', 'amount': 0}, {'name': 'Ligt', 'amount': 0}, {'name': 'Holy', 'amount': 0}, {'name': 'Crit', 'amount': 100}]","[{'name': 'Phy', 'amount': 100}, {'name': 'Mag', 'amount': 49}, {'name': 'Fire', 'amount': 49}, {'name': 'Ligt', 'amount': 34}, {'name': 'Holy', 'amount': 49}, {'name': 'Boost', 'amount': 44}]","[{'name': 'Str', 'scaling': 'D'}]","[{'name': 'Str', 'amount': 10}]",Medium Shield,3.5
17f694b8cc1l0i12d7wmnsvn9wams,Heater Shield,https://eldenring.fanapis.com/images/shields/17f694b8cc1l0i12d7wmnsvn9wams.png,"A medium-sized metal shield, comparatively easy to handle. Metal shields reliably negate physical damage when guarding, a trait which made them highly trusted on the battlefield. ","[{'name': 'Phy', 'amount': 77}, {'name': 'Mag', 'amount': 0}, {'name': 'Fire', 'amount': 0}, {'name': 'Ligt', 'amount': 0}, {'name': 'Holy', 'amount': 0}, {'name': 'Crit', 'amount': 100}]","[{'name': 'Phy', 'amount': 100}, {'name': 'Mag', 'amount': 43}, {'name': 'Fire', 'amount': 43}, {'name': 'Ligt', 'amount': 27}, {'name': 'Holy', 'amount': 43}, {'name': 'Boost', 'amount': 38}]","[{'name': 'Str', 'scaling': 'D'}]","[{'name': 'Str', 'amount': 10}]",Medium Shield,3.5
17f698cf256l0i12dbf0mgqicx93p,Black Leather Shield,https://eldenring.fanapis.com/images/shields/17f698cf256l0i12dbf0mgqicx93p.png,"Roundshield covered in black leather. On the larger side for a medium-sized shield. From the north, this shield depicts the polar star in rivets of gold. The inside is lined with fur, protecting the carrier from frost.","[{'name': 'Phy', 'amount': 75}, {'name': 'Mag', 'amount': 0}, {'name': 'Fire', 'amount': 0}, {'name': 'Ligt', 'amount': 0}, {'name': 'Holy', 'amount': 0}, {'name': 'Crit', 'amount': 100}]","[{'name': 'Phy', 'amount': 79}, {'name': 'Mag', 'amount': 45}, {'name': 'Fire', 'amount': 31}, {'name': 'Ligt', 'amount': 46}, {'name': 'Holy', 'amount': 47}, {'name': 'Boost', 'amount': 37}]","[{'name': 'Str', 'scaling': 'D'}]","[{'name': 'Str', 'amount': 10}]",Medium Shield,3.0
17f693c793el0i12deqfa24mgi3ik7,Dragon Towershield,https://eldenring.fanapis.com/images/shields/17f693c793el0i12deqfa24mgi3ik7.png,"Tower shield engraved with a dragon, symbol of protection. Heavy even among greatshields, it possesses exceptional guarding ability The ancient dragons, who ruled in the prehistoric era before the Erdtree, would protect their lord as a wall of living rock.","[{'name': 'Phy', 'amount': 115}, {'name': 'Mag', 'amount': 0}, {'name': 'Fire', 'amount': 0}, {'name': 'Ligt', 'amount': 0}, {'name': 'Holy', 'amount': 0}, {'name': 'Crit', 'amount': 100}]","[{'name': 'Phy', 'amount': 100}, {'name': 'Mag', 'amount': 61}, {'name': 'Fire', 'amount': 67}, {'name': 'Ligt', 'amount': 55}, {'name': 'Holy', 'amount': 64}, {'name': 'Boost', 'amount': 64}]","[{'name': 'Str', 'scaling': 'D'}]","[{'name': 'Str', 'amount': 30}]",Greatshield,17.5
17f695a9c70l0i12dg13mf7v9clac,Crucible Hornshield,https://eldenring.fanapis.com/images/shields/17f695a9c70l0i12dg13mf7v9clac.png,Greatshield of red-tinged gold carried by Crucible Knights. Features a great horn. An ancient holiness dwells within. The crucible horn skewers foes when performing shield bashes.,"[{'name': 'Phy', 'amount': 147}, {'name': 'Mag', 'amount': 0}, {'name': 'Fire', 'amount': 0}, {'name': 'Ligt', 'amount': 0}, {'name': 'Holy', 'amount': 0}, {'name': 'Crit', 'amount': 100}]","[{'name': 'Phy', 'amount': 100}, {'name': 'Mag', 'amount': 51}, {'name': 'Fire', 'amount': 50}, {'name': 'Ligt', 'amount': 46}, {'name': 'Holy', 'amount': 64}, {'name': 'Boost', 'amount': 58}]","[{'name': 'Str', 'scaling': 'D'}]","[{'name': 'Str', 'amount': 26}]",Greatshield,11.5
17f6998f8b8l0i12dhelzp1oi1uyv,Distinguished Greatshield,https://eldenring.fanapis.com/images/shields/17f6998f8b8l0i12dhelzp1oi1uyv.png,"Greatshield featuring sumptuous ornamentation used by the scions of great families. Due to their excessive size, these shields were at times seen as the hallmark of little lordlings who were too timid to earn a few nicks and scratches.","[{'name': 'Phy', 'amount': 112}, {'name': 'Mag', 'amount': 0}, {'name': 'Fire', 'amount': 0}, {'name': 'Ligt', 'amount': 0}, {'name': 'Holy', 'amount': 0}, {'name': 'Crit', 'amount': 100}]","[{'name': 'Phy', 'amount': 100}, {'name': 'Mag', 'amount': 65}, {'name': 'Fire', 'amount': 63}, {'name': 'Ligt', 'amount': 54}, {'name': 'Holy', 'amount': 60}, {'name': 'Boost', 'amount': 66}]","[{'name': 'Str', 'scaling': 'D'}]","[{'name': 'Str', 'amount': 32}]",Greatshield,17.0
17f69872931l0i12dy19gq5ij75yoe,Dragonclaw Shield,https://eldenring.fanapis.com/images/shields/17f69872931l0i12dy19gq5ij75yoe.png,"Greatshield said to have been whittled from the claw of a great, ancient dragon, wielded by grotesque Tree Sentinels who yet serve the Edrtree. Imbued with lightning.","[{'name': 'Phy', 'amount': 118}, {'name': 'Mag', 'amount': 0}, {'name': 'Fire', 'amount': 0}, {'name': 'Ligt', 'amount': 76}, {'name': 'Holy', 'amount': 0}, {'name': 'Crit', 'amount': 100}]","[{'name': 'Phy', 'amount': 100}, {'name': 'Mag', 'amount': 52}, {'name': 'Fire', 'amount': 52}, {'name': 'Ligt', 'amount': 76}, {'name': 'Holy', 'amount': 47}, {'name': 'Boost', 'amount': 59}]","[{'name': 'Str', 'scaling': 'D'}, {'name': 'Dex', 'scaling': 'E'}]","[{'name': 'Str', 'amount': 28}, {'name': 'Dex', 'amount': 12}]",Greatshield,13.5
17f6989b386l0i12e4lob57bdw1rqq,Golden Beast Crest Shield,https://eldenring.fanapis.com/images/shields/17f6989b386l0i12e4lob57bdw1rqq.png,"Shield of dull gold with a beast engraved as its crest. Lighter than most greratshields, and subsequently easier to wield. The beast depicted is Serosh, aged counselor who guides the golden lineage.","[{'name': 'Phy', 'amount': 0}, {'name': 'Mag', 'amount': 0}, {'name': 'Fire', 'amount': 0}, {'name': 'Ligt', 'amount': 0}, {'name': 'Holy', 'amount': 0}, {'name': 'Crit', 'amount': 100}]","[{'name': 'Phy', 'amount': 100}, {'name': 'Mag', 'amount': 55}, {'name': 'Fire', 'amount': 55}, {'name': 'Ligt', 'amount': 48}, {'name': 'Holy', 'amount': 55}, {'name': 'Boost', 'amount': 58}]","[{'name': 'Str', 'scaling': 'D'}]","[{'name': 'Str', 'amount': 24}]",Greatshield,12.5
17f694b1b61l0i12e5nf59cb5qk7vu,Erdtree Greatshield,https://eldenring.fanapis.com/images/shields/17f694b1b61l0i12e5nf59cb5qk7vu.png,"Weighty greatshield forged of gold carried by the order of Tree Sentinels, heavily equipped knights. Blessed by an old incantation of protection. The living rampart of the Erdtree, the Tree Sentinels are the standard to which all defenders of the Erdtree aspire.","[{'name': 'Phy', 'amount': 120}, {'name': 'Mag', 'amount': 0}, {'name': 'Fire', 'amount': 0}, {'name': 'Ligt', 'amount': 0}, {'name': 'Holy', 'amount': 78}, {'name': 'Crit', 'amount': 100}]","[{'name': 'Phy', 'amount': 100}, {'name': 'Mag', 'amount': 66}, {'name': 'Fire', 'amount': 49}, {'name': 'Ligt', 'amount': 45}, {'name': 'Holy', 'amount': 76}, {'name': 'Boost', 'amount': 57}]","[{'name': 'Str', 'scaling': '?'}, {'name': 'Fai', 'scaling': '?'}]","[{'name': 'Str', 'amount': 30}, {'name': 'Fai', 'amount': 12}]",Greatshield,13.5
17f69ac13ecl0i12e68qij6rgf53vp,Briar Greatshield,https://eldenring.fanapis.com/images/shields/17f69ac13ecl0i12e68qij6rgf53vp.png,"Greatshield from a foreign land, used by Elemer of the Briar. Attacks with this armament utilize the iron thorns that have been wound around its frame. Originates from Eochaid, a land of proudly solitary ascetics.","[{'name': 'Phy', 'amount': 98}, {'name': 'Mag', 'amount': 0}, {'name': 'Fire', 'amount': 0}, {'name': 'Ligt', 'amount': 0}, {'name': 'Holy', 'amount': 0}, {'name': 'Crit', 'amount': 0}]","[{'name': 'Phy', 'amount': 82}, {'name': 'Mag', 'amount': 50}, {'name': 'Fire', 'amount': 43}, {'name': 'Ligt', 'amount': 50}, {'name': 'Holy', 'amount': 50}, {'name': 'Boost', 'amount': 56}]","[{'name': 'Str', 'scaling': 'D'}]","[{'name': 'Str', 'amount': 21}]",Greatshield,9.5
17f699569f2l0i12e91gm212p52kz4,Jellyfish Shield,https://eldenring.fanapis.com/images/shields/17f699569f2l0i12e91gm212p52kz4.png,"The head of a spirit jellyfish, commonly found floating above sacred ground throughout the Lands Between, wielded without modification as a shield. The see-through head is extremely light, but its flesh is supple, providing absolutely no protection from piercing attacks","[{'name': 'Phy', 'amount': 123}, {'name': 'Mag', 'amount': 0}, {'name': 'Fire', 'amount': 0}, {'name': 'Ligt', 'amount': 0}, {'name': 'Holy', 'amount': 0}, {'name': 'Crit', 'amount': 100}]","[{'name': 'Phy', 'amount': 100}, {'name': 'Mag', 'amount': 52}, {'name': 'Fire', 'amount': 52}, {'name': 'Ligt', 'amount': 40}, {'name': 'Holy', 'amount': 48}, {'name': 'Boost', 'amount': 50}]","[{'name': 'Str', 'scaling': 'D'}, {'name': 'Dex', 'scaling': '?'}]","[{'name': 'Str', 'amount': 20}, {'name': 'Dex', 'amount': 14}]",Greatshield,8.0
17f69ac7946l0i12emsgkbeuohu93n,Fingerprint Stone Shield,https://eldenring.fanapis.com/images/shields/17f69ac7946l0i12emsgkbeuohu93n.png,"A great stone shield with an intricately carved fingerprint design. One of the heaviest of all greatshields. Part of the tomb of an ancient god, the Readerless Fingers relayed their message through these imprints, said to be the very seeds from which frenzy first sprouted.","[{'name': 'Phy', 'amount': 158}, {'name': 'Mag', 'amount': 0}, {'name': 'Fire', 'amount': 0}, {'name': 'Ligt', 'amount': 0}, {'name': 'Holy', 'amount': 0}, {'name': 'Crit', 'amount': 100}]","[{'name': 'Phy', 'amount': 100}, {'name': 'Mag', 'amount': 77}, {'name': 'Fire', 'amount': 81}, {'name': 'Ligt', 'amount': 79}, {'name': 'Holy', 'amount': 75}, {'name': 'Boost', 'amount': 81}]","[{'name': 'Str', 'scaling': '?'}]","[{'name': 'Str', 'amount': 48}]",Greatshield,29.0
17f693ca65dl0i12eu7yz6cf3nexe,Icon Shield,https://eldenring.fanapis.com/images/shields/17f693ca65dl0i12eu7yz6cf3nexe.png,Greatshield painted with a divine scene; the recipients of a blessed tear from the Erdtree. An item that looks back fondly on the age of plenty. The divine scene acts in and of itself as a sacred invocation; gradually restoring the carrier's HP.,"[{'name': 'Phy', 'amount': 160}, {'name': 'Mag', 'amount': 0}, {'name': 'Fire', 'amount': 0}, {'name': 'Ligt', 'amount': 0}, {'name': 'Holy', 'amount': 0}, {'name': 'Crit', 'amount': 100}]","[{'name': 'Phy', 'amount': 89}, {'name': 'Mag', 'amount': 49}, {'name': 'Fire', 'amount': 45}, {'name': 'Ligt', 'amount': 51}, {'name': 'Holy', 'amount': 48}, {'name': 'Boost', 'amount': 57}]","[{'name': 'Str', 'scaling': 'D'}]","[{'name': 'Str', 'amount': 22}]",Greatshield,11.5
17f69797ac7l0i12ew4eqk33suyj17,Visage Shield,https://eldenring.fanapis.com/images/shields/17f69797ac7l0i12ew4eqk33suyj17.png,"Tricksome bronze shield depicting the face of a Fire Giant. Several tongues leap from its open mouth. The dreadful visage and burning flames are designed to remind one of the horror of facing a Fire Giant. In other words, this shield has an instructional function.","[{'name': 'Phy', 'amount': 186}, {'name': 'Mag', 'amount': 0}, {'name': 'Fire', 'amount': 0}, {'name': 'Ligt', 'amount': 0}, {'name': 'Holy', 'amount': 0}, {'name': 'Crit', 'amount': 100}]","[{'name': 'Phy', 'amount': 100}, {'name': 'Mag', 'amount': 62}, {'name': 'Fire', 'amount': 81}, {'name': 'Ligt', 'amount': 65}, {'name': 'Holy', 'amount': 62}, {'name': 'Boost', 'amount': 75}]","[{'name': 'Str', 'scaling': 'D'}]","[{'name': 'Str', 'amount': 44}]",Greatshield,24.0
17f69378e1dl0i12exgnluqgflkbi,One-eyed Shield,https://eldenring.fanapis.com/images/shields/17f69378e1dl0i12exgnluqgflkbi.png,"Tricksome shield made from white stone depicting a malformed one-eyed god. The barrel of a firearm pokes through the open mouth. Once worshipped by the giants, this evil deity is believed to have been slain by Queen Marika. ","[{'name': 'Phy', 'amount': 175}, {'name': 'Mag', 'amount': 0}, {'name': 'Fire', 'amount': 0}, {'name': 'Ligt', 'amount': 0}, {'name': 'Holy', 'amount': 0}, {'name': 'Crit', 'amount': 100}]","[{'name': 'Phy', 'amount': 100}, {'name': 'Mag', 'amount': 57}, {'name': 'Fire', 'amount': 69}, {'name': 'Ligt', 'amount': 59}, {'name': 'Holy', 'amount': 63}, {'name': 'Boost', 'amount': 67}]","[{'name': 'Str', 'scaling': 'D'}]","[{'name': 'Str', 'amount': 36}]",Greatshield,20.5
17f69c7916el0i12ey2p0l7xj09nis,Spiked Palisade Shield,https://eldenring.fanapis.com/images/shields/17f69c7916el0i12ey2p0l7xj09nis.png,"Designed to perform shield bashes, these attacks riddle the enemy with holes, earning it the nickname of ""pard shield""","[{'name': 'Phy', 'amount': 0}, {'name': 'Mag', 'amount': 0}, {'name': 'Fire', 'amount': 0}, {'name': 'Ligt', 'amount': 0}, {'name': 'Holy', 'amount': 0}, {'name': 'Crit', 'amount': 100}]","[{'name': 'Phy', 'amount': 89}, {'name': 'Mag', 'amount': 51}, {'name': 'Fire', 'amount': 45}, {'name': 'Ligt', 'amount': 54}, {'name': 'Holy', 'amount': 50}, {'name': 'Boost', 'amount': 57}]","[{'name': 'Str', 'scaling': 'D'}]","[{'name': 'Str', 'amount': 20}]",Greatshield,11.5
17f695ce77cl0i12fbgg8t0smpvg3n,Manor Towershield,https://eldenring.fanapis.com/images/shields/17f695ce77cl0i12fbgg8t0smpvg3n.png,"An iron greatshield large enough to cover the entire body. Depicts the Roundtable Hold, gathering place of champions. Greatshields boast high damage negation and guard capacity, making enemy attacks easy to repel.","[{'name': 'Phy', 'amount': 111}, {'name': 'Mag', 'amount': 0}, {'name': 'Fire', 'amount': 0}, {'name': 'Ligt', 'amount': 0}, {'name': 'Holy', 'amount': 0}, {'name': 'Crit', 'amount': 100}]","[{'name': 'Phy', 'amount': 100}, {'name': 'Mag', 'amount': 66}, {'name': 'Fire', 'amount': 66}, {'name': 'Ligt', 'amount': 51}, {'name': 'Holy', 'amount': 56}, {'name': 'Boost', 'amount': 65}]","[{'name': 'Str', 'scaling': 'D'}]","[{'name': 'Str', 'amount': 30}]",Greatshield,16.0
17f6981fc6cl0i12fkq4jfcsautbiv,Crossed-tree Towershield,https://eldenring.fanapis.com/images/shields/17f6981fc6cl0i12fkq4jfcsautbiv.png,"An iron greatshield large enough to cover the entire body. Emblazoned with an old, interleaving tree. Greatshields boast high damage negation and guard capacity, making enemy attacks easy to repel","[{'name': 'Phy', 'amount': 111}, {'name': 'Mag', 'amount': 0}, {'name': 'Fire', 'amount': 0}, {'name': 'Ligt', 'amount': 0}, {'name': 'Holy', 'amount': 0}, {'name': 'Crit', 'amount': 100}]","[{'name': 'Phy', 'amount': 100}, {'name': 'Mag', 'amount': 66}, {'name': 'Fire', 'amount': 56}, {'name': 'Ligt', 'amount': 54}, {'name': 'Holy', 'amount': 66}, {'name': 'Boost', 'amount': 63}]","[{'name': 'Str', 'scaling': '?'}]","[{'name': 'Str', 'amount': 30}]",Greatshield,16.0
17f69a1afefl0i12fozrc1tnhg20is,Redmane Greatshield,https://eldenring.fanapis.com/images/shields/17f69a1afefl0i12fozrc1tnhg20is.png,"Greatshield shaped like a fang, featuring the crest of red-maned lion. Carried by the Redmane Knights who fought alongside Radahn.","[{'name': 'Phy', 'amount': 108}, {'name': 'Mag', 'amount': 0}, {'name': 'Fire', 'amount': 0}, {'name': 'Ligt', 'amount': 0}, {'name': 'Holy', 'amount': 0}, {'name': 'Crit', 'amount': 100}]","[{'name': 'Phy', 'amount': 100}, {'name': 'Mag', 'amount': 54}, {'name': 'Fire', 'amount': 70}, {'name': 'Ligt', 'amount': 53}, {'name': 'Holy', 'amount': 52}, {'name': 'Boost', 'amount': 61}]","[{'name': 'Str', 'scaling': '?'}]","[{'name': 'Str', 'amount': 30}]",Greatshield,14.0
17f69b33aafl0i12fqkwzuaznegji,Ant's Skull Plate,https://eldenring.fanapis.com/images/shields/17f69b33aafl0i12fqkwzuaznegji.png,"Huge head of one of the giant ants which inhabit the two underground rivers, used without modification as a shield. Excels at repeling enemy attacks. Giant ants are venomous creatures, granting a boost to immunity when wielding the shield. ","[{'name': 'Phy', 'amount': 136}, {'name': 'Mag', 'amount': 0}, {'name': 'Fire', 'amount': 0}, {'name': 'Ligt', 'amount': 0}, {'name': 'Holy', 'amount': 0}, {'name': 'Crit', 'amount': 100}]","[{'name': 'Phy', 'amount': 100}, {'name': 'Mag', 'amount': 47}, {'name': 'Fire', 'amount': 42}, {'name': 'Ligt', 'amount': 57}, {'name': 'Holy', 'amount': 57}, {'name': 'Boost', 'amount': 59}]","[{'name': 'Str', 'scaling': 'D'}]","[{'name': 'Str', 'amount': 28}]",Greatshield,13.5
17f69bfaff2l0i12frzztam4cpn7d,Inverted Hawk Towershield,https://eldenring.fanapis.com/images/shields/17f69bfaff2l0i12frzztam4cpn7d.png,"An iron greatshield large enough to cover the entire body. Features an inverted hawk crest. Greatshields boast high damage negation and guard capacity, making enemy attacks easy to repel.","[{'name': 'Phy', 'amount': 111}, {'name': 'Mag', 'amount': 0}, {'name': 'Fire', 'amount': 0}, {'name': 'Ligt', 'amount': 0}, {'name': 'Holy', 'amount': 0}, {'name': 'Crit', 'amount': 100}]","[{'name': 'Phy', 'amount': 100}, {'name': 'Mag', 'amount': 66}, {'name': 'Fire', 'amount': 56}, {'name': 'Ligt', 'amount': 54}, {'name': 'Holy', 'amount': 66}, {'name': 'Boost', 'amount': 63}]","[{'name': 'Str', 'scaling': '?'}]","[{'name': 'Str', 'amount': 30}]",Greatshield,16.0
17f69ae9ee5l0i12fyuk6a06fvdcq,Eclipse Crest Greatshield,https://eldenring.fanapis.com/images/shields/17f69ae9ee5l0i12fyuk6a06fvdcq.png,"Metal greatshield painted with a sun in eclipse. Carried by the headless mausoleum knights. The eclipsed sun, drained of color, is the protective star of soulless demigods. It aids the mausoleum knights by keeping Destined Death at bay. No skill. This armament has no skill. If the armament in the other hand has a skill, that skill will be used instead.","[{'name': 'Phy', 'amount': 110}, {'name': 'Mag', 'amount': 0}, {'name': 'Fire', 'amount': 0}, {'name': 'Ligt', 'amount': 0}, {'name': 'Holy', 'amount': 0}, {'name': 'Crit', 'amount': 100}]","[{'name': 'Phy', 'amount': 100}, {'name': 'Mag', 'amount': 72}, {'name': 'Fire', 'amount': 57}, {'name': 'Ligt', 'amount': 51}, {'name': 'Holy', 'amount': 59}, {'name': 'Boost', 'amount': 63}]","[{'name': 'Str', 'scaling': 'D'}]","[{'name': '32', 'amount': None}]",Greatshield,15.0
17f69aba9d3l0i12ga56obpyqthd0a,Cuckoo Greatshield,https://eldenring.fanapis.com/images/shields/17f69aba9d3l0i12ga56obpyqthd0a.png," Metal Greatshield painted with a peering cuckoo. Carried by the enchanted knights sworn to the academy. Boasting high magic damage negation, this shield is used to hunt down mages. Our Enemys is none other then caria itself","[{'name': 'Phy', 'amount': 110}, {'name': 'Mag', 'amount': 0}, {'name': 'Fire', 'amount': 0}, {'name': 'Ligt', 'amount': 0}, {'name': 'Holy', 'amount': 0}, {'name': 'Crit', 'amount': 100}]","[{'name': 'Phy', 'amount': 100}, {'name': 'Mag', 'amount': 70}, {'name': 'Fire', 'amount': 56}, {'name': 'Ligt', 'amount': 52}, {'name': 'Holy', 'amount': 60}, {'name': 'Boost', 'amount': 62}]","[{'name': 'Str', 'scaling': 'D'}]","[{'name': 'Str', 'amount': 32}]",,15.0
17f695ae9edl0i12glt4xotvobrl0m,Gilded Greatshield,https://eldenring.fanapis.com/images/shields/17f695ae9edl0i12glt4xotvobrl0m.png,Metal greatshield coated with gold. Carried by knights loyal to Godrick. The red tinge in the gold coat mirrors the primordial matter that became the Erdtree. The color of homeward yearning.,"[{'name': 'Phy', 'amount': 115}, {'name': 'Mag', 'amount': 0}, {'name': 'Fire', 'amount': 0}, {'name': 'Ligt', 'amount': 0}, {'name': 'Holy', 'amount': 9}, {'name': 'Crit', 'amount': 100}]","[{'name': 'Phy', 'amount': 100}, {'name': 'Mag', 'amount': 60}, {'name': 'Fire', 'amount': 66}, {'name': 'Ligt', 'amount': 54}, {'name': 'Holy', 'amount': 65}, {'name': 'Boost', 'amount': 67}]","[{'name': 'Str', 'scaling': 'D'}]","[{'name': 'Str', 'amount': 36}]",Greatshield,17.5
17f698cf6d3l0i12gnjnwa5wdqlqj,Golden Greatshield,https://eldenring.fanapis.com/images/shields/17f698cf6d3l0i12gnjnwa5wdqlqj.png,"Oval greatshield made of gold, carried by knights who protect the Royal Capital of Leyndell. Knights of Leyndell are reputed for their sturdiness, exemplified by this shield's exceptional guard capacity.","[{'name': 'Phy', 'amount': 100}, {'name': 'Mag', 'amount': 0}, {'name': 'Fire', 'amount': 0}, {'name': 'Ligt', 'amount': 0}, {'name': 'Holy', 'amount': 0}, {'name': 'Crit', 'amount': 100}]","[{'name': 'Phy', 'amount': 100}, {'name': 'Mag', 'amount': 57}, {'name': 'Fire', 'amount': 60}, {'name': 'Ligt', 'amount': 57}, {'name': 'Holy', 'amount': 68}, {'name': 'Boost', 'amount': 68}]","[{'name': 'Str', 'scaling': 'D'}]","[{'name': 'Str', 'amount': 34}]",Greatshield,17.0
17f698f9c1fl0i12go9pgbh4sdw0zs,Haligtree Crest Greatshield,https://eldenring.fanapis.com/images/shields/17f698f9c1fl0i12go9pgbh4sdw0zs.png,"Metal greatshield depicting the Haligtree with unalloyed gold. Carried by knights who have vowed to serve Miquella's Haligtree. Possesses high holy damage negation. Yet now, with the Haligtree misshapen, this wondrous rendition is a fleeting fantasy.","[{'name': 'Phy', 'amount': 116}, {'name': 'Mag', 'amount': 0}, {'name': 'Fire', 'amount': 0}, {'name': 'Ligt', 'amount': 0}, {'name': 'Holy', 'amount': 0}, {'name': 'Crit', 'amount': 100}]","[{'name': 'Phy', 'amount': 100}, {'name': 'Mag', 'amount': 61}, {'name': 'Fire', 'amount': 67}, {'name': 'Ligt', 'amount': 55}, {'name': 'Holy', 'amount': 79}, {'name': 'Boost', 'amount': 68}]","[{'name': 'Str', 'scaling': ''}]","[{'name': 'Str', 'amount': 36}]",Greatshield,18.5
17f699949b2l0i12gqzulu6fgih91o,Wooden Greatshield,https://eldenring.fanapis.com/images/shields/17f699949b2l0i12gqzulu6fgih91o.png,"Wooden greatshield reinforced with a metal ornamentation. Greatshields boast high damage negation and guard capacity, making enemy attacks easy to repel.","[{'name': 'Phy', 'amount': 95}, {'name': 'Mag', 'amount': 0}, {'name': 'Fire', 'amount': 0}, {'name': 'Ligt', 'amount': 0}, {'name': 'Holy', 'amount': 0}, {'name': 'Crit', 'amount': 100}]","[{'name': 'Phy', 'amount': 79}, {'name': 'Mag', 'amount': 49}, {'name': 'Fire', 'amount': 41}, {'name': 'Ligt', 'amount': 51}, {'name': 'Holy', 'amount': 47}, {'name': 'Boost', 'amount': 51}]","[{'name': 'Str', 'scaling': 'D'}]","[{'name': 'Str', 'amount': 14}]",Greatshield,8.0
17f69b9df0bl0i12h4ss3ka8zvpcoc,Lordsworn's Shield,https://eldenring.fanapis.com/images/shields/17f69b9df0bl0i12h4ss3ka8zvpcoc.png,"Wooden tower shield. Lightweightfor a greatshield and easy to handle. Commonly used in the Shattering. Greatshields boast high damage negation and guard capacity, making enemy attacks easy to repel.","[{'name': 'Phy', 'amount': 99}, {'name': 'Mag', 'amount': 0}, {'name': 'Fire', 'amount': 0}, {'name': 'Ligt', 'amount': 0}, {'name': 'Holy', 'amount': 0}, {'name': 'Crit', 'amount': 100}]","[{'name': 'Phy', 'amount': 84}, {'name': 'Mag', 'amount': 51}, {'name': 'Fire', 'amount': 44}, {'name': 'Ligt', 'amount': 52}, {'name': 'Holy', 'amount': 52}, {'name': 'Boost', 'amount': 57}]","[{'name': 'Str', 'scaling': 'D'}]","[{'name': 'Str', 'amount': 16}]",Greatshield,10.0
